date,return
2015/9/1,-0.03522889
2015/9/2,0.016610617
2015/9/3,0.011926895
2015/9/4,-0.020983781
2015/9/8,0.02456514
2015/9/9,-0.014806814
2015/9/10,0.007928305
2015/9/11,0.008002723
2015/9/14,-0.011671329
2015/9/15,0.01290772
2015/9/16,0.005964844
2015/9/17,-0.001819227
2015/9/18,-0.024503873
2015/9/21,0.013632251
2015/9/22,-0.013995027
2015/9/23,-0.005331355
2015/9/24,0.005220717
2015/9/25,0.00699393
2015/9/28,-0.019942196
2015/9/29,-0.000350864
2015/9/30,0.017547573
2015/10/1,-0.009519271
2015/10/2,0.006894698
2015/10/5,0.030847919
2015/10/6,-0.001744498
2015/10/7,0.008804989
2015/10/8,0.014591236
2015/10/9,0.000722357
2015/10/12,-0.008202702
2015/10/13,-0.010056902
2015/10/14,0.002606597
2015/10/15,0.000533376
2015/10/16,0.001998781
2015/10/19,-0.007779767
2015/10/20,-0.05749903
2015/10/21,0.001990888
2015/10/22,0.022495043
2015/10/23,0.004094681
2015/10/26,-0.007050039
2015/10/27,-0.040373132
2015/10/28,0.021543572
2015/10/29,-0.001988195
2015/10/30,-0.00334397
2015/11/2,0.002070286
2015/11/3,0.010757234
2015/11/4,-0.001761995
2015/11/5,-0.012285555
2015/11/6,-0.011723559
2015/11/9,-0.02126576
2015/11/10,0.001182395
2015/11/11,-0.003321743
2015/11/12,-0.01466446
2015/11/13,-0.009696327
2015/11/16,0.014876637
2015/11/17,0.000822688
2015/11/18,0.014945411
2015/11/19,0.006773717
2015/11/20,0.012871155
2015/11/23,-0.000288794
2015/11/24,0.00101106
2015/11/25,-0.004328961
2015/11/27,0.003333352
2015/11/30,0.006933327
2015/12/1,0.013341062
2015/12/2,-0.011183441
2015/12/3,-0.005583506
2015/12/4,0.010869636
2015/12/7,-0.006266533
2015/12/8,-0.010748736
2015/12/9,-0.01043104
2015/12/10,0.001244396
2015/12/11,-0.016157313
2015/12/14,0.010106224
2015/12/15,0.013683601
2015/12/16,0.010886029
2015/12/17,-0.01823523
2015/12/18,-0.013528363
2015/12/21,0.004447694
2015/12/22,0.017933582
2015/12/23,0.004422541
2015/12/24,-0.002093299
2015/12/28,-0.004629237
2015/12/29,0.015769204
2015/12/30,-0.00314784
2015/12/31,-0.012343934
2016/1/4,-0.012134862
2016/1/5,-0.000735516
2016/1/6,-0.005005562
2016/1/7,-0.017089584
2016/1/8,-0.009257825
2016/1/11,0.012155254
2016/1/12,-0.002476892
2016/1/13,-0.013017332
2016/1/14,0.013265253
2016/1/15,-0.021668821
2016/1/19,-0.014765823
2016/1/20,-0.048786197
2016/1/21,0.008616496
2016/1/22,-0.00333583
2016/1/25,-0.003428549
2016/1/26,0.004177591
2016/1/27,-0.013296376
2016/1/28,0.010416676
2016/1/29,0.021027647
2016/2/1,0.000320581
2016/2/2,-0.015140596
2016/2/3,0.014478609
2016/2/4,0.023492621
2016/2/5,0.007207198
2016/2/8,-0.012366841
2016/2/9,-0.02291694
2016/2/10,-0.03127271
2016/2/11,-0.019469151
2016/2/12,0.027068305
2016/2/16,0.014044926
2016/2/17,0.027374981
2016/2/18,0.050356811
2016/2/19,0.004756508
2016/2/22,0.005184892
2016/2/23,-0.010241479
2016/2/24,0.003021139
2016/2/25,0.012801189
2016/2/26,-0.018364292
2016/2/29,-0.007574045
2016/3/1,0.025490333
2016/3/2,0.014363316
2016/3/3,0.011005156
2016/3/4,0
2016/3/7,0.017053732
2016/3/8,-0.007706001
2016/3/9,0.009635407
2016/3/10,-0.001566854
2016/3/11,0.015478987
2016/3/14,0.002950306
2016/3/15,0.001260607
2016/3/16,0.012800821
2016/3/17,0.015539707
2016/3/18,0.000340078
2016/3/21,0.010469778
2016/3/22,-0.003565837
2016/3/23,-0.018230974
2016/3/24,0.017537773
2016/3/28,0.003041651
2016/3/29,0.00626683
2016/3/30,-0.006160893
2016/3/31,0.020483804
2016/4/1,0.007065069
2016/4/4,-0.002950403
2016/4/5,-0.013612196
2016/4/6,0.00013333
2016/4/7,-0.011798381
2016/4/8,0.007419862
2016/4/11,-0.000669629
2016/4/12,0.002546115
2016/4/13,0.010693017
2016/4/14,-0.000462895
2016/4/15,0.003704768
2016/4/18,0.005338709
2016/4/19,-0.055923436
2016/4/20,0.014652805
2016/4/21,0.021832865
2016/4/22,-0.005358323
2016/4/25,0.002087577
2016/4/26,0.00181433
2016/4/27,0.009323861
2016/4/28,-0.022595832
2016/4/29,-0.007683424
2016/5/2,-0.004590918
2016/5/3,-0.007847513
2016/5/4,0.000832642
2016/5/5,0.015389985
2016/5/6,0.005598389
2016/5/9,0.000339501
2016/5/10,0.017849782
2016/5/11,-0.006801365
2016/5/12,-0.000738506
2016/5/13,-0.007524819
2016/5/16,0.011779063
2016/5/17,-0.009768531
2016/5/18,-0.004459395
2016/5/19,-0.01635673
2016/5/20,0.016007718
2016/5/23,-0.003259776
2016/5/24,0.010492605
2016/5/25,0.022790069
2016/5/26,0.004944355
2016/5/27,0.002623927
2016/5/31,0.005888554
2016/6/1,-0.008000587
2016/6/2,0.006491441
2016/6/3,-0.003973955
2016/6/6,-0.00104654
2016/6/7,0.003928571
2016/6/8,0.004369644
2016/6/9,-0.003766306
2016/6/10,-0.006843896
2016/6/13,-0.007153666
2016/6/14,-0.001454271
2016/6/15,-0.002515503
2016/6/16,0.002521847
2016/6/17,0.006156478
2016/6/20,0.010658671
2016/6/21,0.002864321
2016/6/22,-0.007335288
2016/6/23,0.015890657
2016/6/24,-0.056388768
2016/6/27,-0.02107913
2016/6/28,0.01533094
2016/6/29,0.018943053
2016/6/30,0.022362925
2016/7/1,0.003755462
2016/7/5,-0.004397759
2016/7/6,0.004549031
2016/7/7,0.00150944
2016/7/8,0.012188697
2016/7/11,0.00563254
2016/7/12,0.0110089
2016/7/13,0.006240365
2016/7/14,0.014302002
2016/7/15,-0.003119544
2016/7/18,0.000500755
2016/7/19,-0.001751621
2016/7/20,0.011154282
2016/7/21,-0.005639558
2016/7/22,0.010096668
2016/7/25,0.003578673
2016/7/26,-0.003258568
2016/7/27,-0.001788736
2016/7/28,-0.002842511
2016/7/29,-0.004647657
2016/8/1,0.005167397
2016/8/2,-0.005388672
2016/8/3,0.000560481
2016/8/4,0.005477122
2016/8/5,0.012070548
2016/8/8,-0.008929686
2016/8/9,-0.001666202
2016/8/10,0.001916229
2016/8/11,0.008946185
2016/8/12,-0.009661822
2016/8/15,-0.000432151
2016/8/16,-0.007289388
2016/8/17,-0.001617922
2016/8/18,0.005734171
2016/8/19,-0.008180452
2016/8/22,-0.000249918
2016/8/23,0.001624994
2016/8/24,-0.007550206
2016/8/25,-0.002640714
2016/8/26,-0.00195416
2016/8/29,0.008842802
2016/8/30,-0.002003484
2016/8/31,-0.003262227
2016/9/1,0.004154018
2016/9/2,6.27E-05
2016/9/6,0.005014087
2016/9/7,0.008044944
2016/9/8,-0.016332651
2016/9/9,-0.020817565
2016/9/12,0.016699834
2016/9/13,-0.015667473
2016/9/14,-0.01129582
2016/9/15,0.010451167
2016/9/16,-0.011692131
2016/9/19,0.006695311
2016/9/20,-0.002711988
2016/9/21,0.006992535
2016/9/22,0.003729155
2016/9/23,-0.007238493
2016/9/26,-0.006452352
2016/9/27,0.018119188
2016/9/28,0.00969574
2016/9/29,-0.001137185
2016/9/30,0.004680299
2016/10/3,-0.007806123
2016/10/4,-0.007296489
2016/10/5,0.003962733
2016/10/6,-0.001273259
2016/10/7,-0.007712876
2016/10/10,0.00867211
2016/10/11,-0.014201992
2016/10/12,-0.003230186
2016/10/13,-0.003694267
2016/10/14,0.004748855
2016/10/17,0.002071845
2016/10/18,-0.026167822
2016/10/19,0.003582786
2016/10/20,0.001718895
2016/10/21,-0.012473612
2016/10/24,0.006282201
2016/10/25,0.002058766
2016/10/26,0.006163927
2016/10/27,0.010144256
2016/10/28,-0.004825576
2016/10/31,0.007076843
2016/11/1,-0.005855994
2016/11/2,-0.005497713
2016/11/3,0.002764104
2016/11/4,0.000393755
2016/11/7,0.021583633
2016/11/8,-0.003531909
2016/11/9,-0.002320102
2016/11/10,0.034946097
2016/11/11,0.006553528
2016/11/14,-0.018974389
2016/11/15,0.002907445
2016/11/16,0.003907539
2016/11/17,0.003201657
2016/11/18,0.003692131
2016/11/21,0.014838898
2016/11/22,-0.00061442
2016/11/23,-0.004241698
2016/11/25,0.007161322
2016/11/28,0.008459053
2016/11/29,-0.006017564
2016/11/30,-0.008010705
2016/12/1,-0.014794781
2016/12/2,0.00125143
2016/12/5,-0.001124891
2016/12/6,0.003190745
2016/12/7,0.027689391
2016/12/8,0.003458973
2016/12/9,0.007015038
2016/12/12,-0.006125388
2016/12/13,0.016857961
2016/12/14,0.001307279
2016/12/15,-0.002907801
2016/12/16,-0.007677697
2016/12/19,-0.000299916
2016/12/20,0.005519596
2016/12/21,-0.001611021
2016/12/22,-0.001613521
2016/12/23,-0.002095068
2016/12/27,0.002579311
2016/12/28,-0.00568384
2016/12/29,0.002467047
2016/12/30,-0.003661471
2017/1/3,0.007229379
2017/1/4,0.012381064
2017/1/5,-0.003308502
2017/1/6,0.004920001
2017/1/9,-0.011089451
2017/1/10,-0.012705053
2017/1/11,0.013472672
2017/1/12,0.001192265
2017/1/13,-0.00363204
2017/1/17,0.003286755
2017/1/18,-0.006492371
2017/1/19,5.99E-05
2017/1/20,0.022420751
2017/1/23,0.002814436
2017/1/24,0.028474483
2017/1/25,0.013587279
2017/1/26,0.002075274
2017/1/27,-0.007612194
2017/1/30,-0.008460252
2017/1/31,-0.007280999
2017/2/1,-0.001317863
2017/2/2,0.001663836
2017/2/3,0.007102776
2017/2/6,0.000227488
2017/2/7,0.014784562
2017/2/8,-0.01283205
2017/2/9,0.005903378
2017/2/10,0.008295221
2017/2/13,0.003805718
2017/2/14,0.004293085
2017/2/15,0.008604846
2017/2/16,-0.001376007
2017/2/17,-0.004188947
2017/2/21,-0.002269317
2017/2/22,0.00493731
2017/2/23,0.002760146
2017/2/24,-0.001651597
2017/2/27,-0.010752678
2017/2/28,0.002341168
2017/3/1,0.011845197
2017/3/2,-0.007804384
2017/3/3,-0.002658849
2017/3/6,0.002332722
2017/3/7,-0.000498715
2017/3/8,-0.005155769
2017/3/9,-0.012649815
2017/3/10,0.003668669
2017/3/13,-0.007703996
2017/3/14,-0.004193597
2017/3/15,0.000512196
2017/3/16,0.00813377
2017/3/17,-0.008970913
2017/3/20,0.000284686
2017/3/21,-0.010358555
2017/3/22,0.005175937
2017/3/23,0.000228842
2017/3/24,-0.005662928
2017/3/27,-0.000345144
2017/3/28,0.004258509
2017/3/29,-0.003266312
2017/3/30,-0.00045999
2017/3/31,0.001610573
2017/4/3,0.002067264
2017/4/4,0.000114604
2017/4/5,-0.009397164
2017/4/6,-0.002487348
2017/4/7,-0.001797555
2017/4/10,-0.005460704
2017/4/11,-0.003621451
2017/4/12,0.000468958
2017/4/13,-0.006621359
2017/4/17,0.009260928
2017/4/18,-0.006136798
2017/4/19,-0.049162031
2017/4/20,0.003772658
2017/4/21,-0.011829893
2017/4/24,0.002307031
2017/4/25,-0.002239566
2017/4/26,-0.002057501
2017/4/27,0.001624385
2017/4/28,-0.000187063
2017/5/1,-0.009046082
2017/5/2,0.001636861
2017/5/3,-0.002954184
2017/5/4,0.002647706
2017/5/5,-0.025149352
2017/5/8,-0.013028067
2017/5/9,-0.006011831
2017/5/10,-0.005653867
2017/5/11,-0.003966902
2017/5/12,-0.001858603
2017/5/15,0.00758125
2017/5/16,0.014322482
2017/5/17,-0.017894292
2017/5/18,-0.000993835
2017/5/19,0.007958646
2017/5/22,0.004342621
2017/5/23,-0.003996345
2017/5/24,0.003157285
2017/5/25,0.004524274
2017/5/26,-0.004634436
2017/5/30,-0.004983937
2017/5/31,0.00593164
2017/6/1,0.000262052
2017/6/2,-0.004060997
2017/6/5,0.002367592
2017/6/6,-0.00026243
2017/6/7,-0.009122538
2017/6/8,0.007418161
2017/6/9,0.013149259
2017/6/12,0.007008417
2017/6/13,-0.005993031
2017/6/14,-0.002852539
2017/6/15,0.002665719
2017/6/16,0.007521663
2017/6/19,-0.003475335
2017/6/20,0.000710414
2017/6/21,-0.007486329
2017/6/22,0.003966462
2017/6/23,-0.001878173
2017/6/26,0.00726749
2017/6/27,-0.003092192
2017/6/28,0.003683387
2017/6/29,-0.007661586
2017/6/30,-0.001946498
2017/7/3,0.011376262
2017/7/5,-0.012276643
2017/7/6,-0.008524794
2017/7/7,0.003806744
2017/7/10,0.003138499
2017/7/11,-0.00149911
2017/7/12,0.003329146
2017/7/13,-0.000455354
2017/7/14,0.003970585
2017/7/17,-0.007974651
2017/7/18,0.006470229
2017/7/19,-0.042013003
2017/7/20,0.000881177
2017/7/21,-0.003927912
2017/7/24,-0.007410954
2017/7/25,0.001369981
2017/7/26,-0.005677571
2017/7/27,-0.001995085
2017/7/28,-0.005376708
2017/7/31,0.002633638
2017/8/1,0.004354742
2017/8/2,-0.005849983
2017/8/3,0.003392132
2017/8/4,0.001517884
2017/8/7,-0.011642313
2017/8/8,-0.009479296
2017/8/9,-0.002392588
2017/8/10,0.000493783
2017/8/11,0
2017/8/14,0.003384109
2017/8/15,-0.001756666
2017/8/16,0.003026766
2017/8/17,-0.012631679
2017/8/18,-0.007107217
2017/8/21,0.004509667
2017/8/22,0.004845642
2017/8/23,0.008013624
2017/8/24,0.005628237
2017/8/25,0.005596744
2017/8/28,-0.008557087
2017/8/29,0.004420746
2017/8/30,-0.004051946
2017/8/31,0.003296822
2017/9/1,0.007341161
2017/9/5,-0.007218206
2017/9/6,0.005453013
2017/9/7,-0.006396928
2017/9/8,-0.003149024
2017/9/11,0.016918222
2017/9/12,0.006212833
2017/9/13,0.001578006
2017/9/14,-0.003082486
2017/9/15,-0.004947004
2017/9/18,-0.001864432
2017/9/19,-0.001106922
2017/9/20,0.010319346
2017/9/21,-0.004250131
2017/9/22,-0.000894947
2017/9/25,0.005098892
2017/9/26,0.004730219
2017/9/27,-0.006140775
2017/9/28,0
2017/9/29,-0.003981845
2017/10/2,0.010890519
2017/10/3,0.000818171
2017/10/4,-0.002043855
2017/10/5,0.001638452
2017/10/6,-0.001635772
2017/10/9,0.006212439
2017/10/10,0.007531058
2017/10/11,-0.005925875
2017/10/12,-0.003996773
2017/10/13,0.000476117
2017/10/16,-0.001835527
2017/10/17,-0.001975118
2017/10/18,0.088644807
2017/10/19,0.008587743
2017/10/20,0.007271585
2017/10/23,-0.015548844
2017/10/24,-0.023002205
2017/10/25,-0.015268124
2017/10/26,0.000651423
2017/10/27,0.0005208
2017/10/30,0.004424816
2017/10/31,-0.001943489
2017/11/1,-0.000194772
2017/11/2,-0.004414653
2017/11/3,-0.01154228
2017/11/6,-0.004881925
2017/11/7,0.003381124
2017/11/8,0.001453598
2017/11/9,-0.008379021
2017/11/10,-0.007584781
2017/11/13,-0.005095204
2017/11/14,0.003301843
2017/11/15,-0.012022249
2017/11/16,0.01373206
2017/11/17,-0.001005891
2017/11/20,0.010337643
2017/11/21,0.009567513
2017/11/22,-0.001184634
2017/11/24,0.000461248
2017/11/27,0.00092207
2017/11/28,0.003224065
2017/11/29,0.007083342
2017/11/30,0.002735302
2017/12/1,0.00513091
2017/12/4,0.010984683
2017/12/5,-0.007094482
2017/12/6,-0.008046309
2017/12/7,-0.003439365
2017/12/8,0.008074505
2017/12/11,0.003875788
2017/12/12,0.008557937
2017/12/13,-0.018055319
2017/12/14,0.00058477
2017/12/15,-0.00974027
2017/12/18,0.00544265
2017/12/19,-0.000652254
2017/12/20,-0.001827309
2017/12/21,-0.0094802
2017/12/22,0.006600667
2017/12/26,0.002163958
2017/12/27,0.001962946
2017/12/28,0.005942657
2017/12/29,-0.004024988
2018/1/2,0.005410006
2018/1/3,0.02748789
2018/1/4,0.020253632
2018/1/5,0.004885531
2018/1/8,0.006031157
2018/1/9,0.002202295
2018/1/10,0.002136373
2018/1/11,0.000121808
2018/1/12,-0.006455623
2018/1/16,0.004352159
2018/1/17,0.029295105
2018/1/18,0.002786807
2018/1/19,-0.039912495
2018/1/22,0.001416484
2018/1/23,0.02244774
2018/1/24,-0.005293188
2018/1/25,0.000604665
2018/1/26,0.011301162
2018/1/29,-0.003226954
2018/1/30,-0.019064798
2018/1/31,0.000489003
2018/2/1,-0.007941344
2018/2/2,-0.020751261
2018/2/5,-0.040872842
2018/2/6,0.018422658
2018/2/7,-0.009591828
2018/2/8,-0.040689031
2018/2/9,0.013009068
2018/2/12,0.012641194
2018/2/13,-0.004293257
2018/2/14,0.026600416
2018/2/15,0.008076977
2018/2/16,0.001089661
2018/2/20,-0.00653093
2018/2/21,-0.007733874
2018/2/22,-0.005066353
2018/2/23,0.015276237
2018/2/26,0.019675924
2018/2/27,-0.012801165
2018/2/28,-0.004599186
2018/3/1,-0.012962856
2018/3/2,0.004421076
2018/3/5,0.015923398
2018/3/6,-0.007836962
2018/3/7,0.016696719
2018/3/8,-0.013327461
2018/3/9,0.019845066
2018/3/12,0.005963191
2018/3/13,-0.0058654
2018/3/14,-0.00753204
2018/3/15,0.009423188
2018/3/16,0.004072421
2018/3/19,-0.018158002
2018/3/20,-0.007308545
2018/3/21,0.003137063
2018/3/22,-0.029357325
2018/3/23,-0.021040218
2018/3/26,0.030089372
2018/3/27,-0.009519493
2018/3/28,0.004015549
2018/3/29,0.005966424
2018/4/2,-0.021899223
2018/4/3,-0.001465996
2018/4/4,0.028495141
2018/4/5,-0.00058398
2018/4/6,-0.022463093
2018/4/9,0.01407979
2018/4/10,0.017682935
2018/4/11,-0.000193105
2018/4/12,0.017443349
2018/4/13,-0.008603755
2018/4/16,0.007529771
2018/4/17,0.019127259
2018/4/18,-0.075321564
2018/4/19,-0.007325782
2018/4/20,-0.018957351
2018/4/23,0.006625287
2018/4/24,-0.002056746
2018/4/25,0.002610552
2018/4/26,0.005344656
2018/4/27,-0.001635772
2018/4/30,-0.010376851
2018/5/1,0.000275924
2018/5/2,-0.017586153
2018/5/3,-0.003229228
2018/5/4,0.01352213
2018/5/7,-0.004794752
2018/5/8,-0.001536003
2018/5/9,-0.002727375
2018/5/10,0.011429786
2018/5/11,-0.000693251
2018/5/14,0.001110078
2018/5/15,-0.003880892
2018/5/16,0.006191732
2018/5/17,-0.000898845
2018/5/18,-0.002906498
2018/5/21,0.009786227
2018/5/22,-0.002749379
2018/5/23,-0.002894686
2018/5/24,-0.004147444
2018/5/25,-0.00298464
2018/5/29,-0.01684762
2018/5/30,0.009913557
2018/5/31,-0.009185291
2018/6/1,0.004529104
2018/6/4,0.007678789
2018/6/5,0.004614027
2018/6/6,0.007028596
2018/6/7,0.004491735
2018/6/8,0.005365981
2018/6/11,0.003010839
2018/6/12,0.001978373
2018/6/13,-0.00354054
2018/6/14,-0.007857879
2018/6/15,0.001308516
2018/6/18,-0.006259021
2018/6/19,-0.004014365
2018/6/20,-0.008825521
2018/6/21,-0.009675445
2018/6/22,0.000212429
2018/6/25,-0.017624655
2018/6/26,0.002089528
2018/6/27,-0.011504143
2018/6/28,0.018620884
2018/6/29,-0.002427834
2018/7/2,0.001145239
2018/7/3,-0.00207343
2018/7/5,0.01332661
2018/7/6,0.0074241
2018/7/9,0.013405392
2018/7/10,0.002216305
2018/7/11,0.00158934
2018/7/12,0.010418164
2018/7/13,-0.003755586
2018/7/16,-0.003015792
2018/7/17,-0.013543219
2018/7/18,0.007178145
2018/7/19,0.032659897
2018/7/20,-0.0193648
2018/7/23,-0.004441401
2018/7/24,0.004667156
2018/7/25,0.001639579
2018/7/26,0.000613845
2018/7/27,-0.010633316
2018/7/30,0.002342478
2018/7/31,-0.003849041
2018/8/1,-0.009866819
2018/8/2,-0.003763165
2018/8/3,0.033156175
2018/8/6,-0.0113067
2018/8/7,0.006710968
2018/8/8,-0.00081633
2018/8/9,-0.014432536
2018/8/10,-0.002003216
2018/8/13,-0.012250783
2018/8/14,0.004554685
2018/8/15,0.003836535
2018/8/16,0.00993676
2018/8/17,0.004953804
2018/8/20,0.003081009
2018/8/21,-0.003685745
2018/8/22,-0.005001094
2018/8/23,0.00089507
2018/8/24,0.004608912
2018/8/27,0.004450829
2018/8/28,-0.000681665
2018/8/29,0.006480633
2018/8/30,-0.01091231
2018/8/31,0.003768969
2018/9/4,-0.005461487
2018/9/5,0.006727091
2018/9/6,-0.001841041
2018/9/7,-0.006421128
2018/9/10,0.00137496
2018/9/11,0.005767328
2018/9/12,0.000546078
2018/9/13,0.016237935
2018/9/14,-0.00416242
2018/9/17,-0.002629273
2018/9/18,0.004190844
2018/9/19,0.003365647
2018/9/20,0.014021235
2018/9/21,0.001323212
2018/9/24,-0.00872149
2018/9/25,-0.007465238
2018/9/26,0.0181318
2018/9/27,-0.000725549
2018/9/28,-0.001914235
2018/10/1,0.011837897
2018/10/2,0.004901911
2018/10/3,-0.003447092
2018/10/4,-0.012465736
2018/10/5,-0.015068407
2018/10/8,-0.004294489
2018/10/9,-0.007749853
2018/10/10,-0.030901891
2018/10/11,-0.025720105
2018/10/12,0.013163611
2018/10/15,0.00198792
2018/10/16,0.028271786
2018/10/17,-0.076281704
2018/10/18,-0.026109697
2018/10/19,-0.01110683
2018/10/22,0.007126242
2018/10/23,0.009152484
2018/10/24,-0.030485522
2018/10/25,-0.005974378
2018/10/26,-0.013127718
2018/10/29,-0.041269307
2018/10/30,-0.035439641
2018/10/31,0.00025995
2018/11/1,0.012128571
2018/11/2,-0.009928951
2018/11/5,0.037952762
2018/11/6,0.025487264
2018/11/7,0.013970141
2018/11/8,-0.011695007
2018/11/9,0.00129686
2018/11/12,-0.021369617
2018/11/13,-0.000496318
2018/11/14,-0.005296254
2018/11/15,0.010316153
2018/11/16,0.001070488
2018/11/19,-0.010364409
2018/11/20,-0.025849859
2018/11/21,0.011689434
2018/11/23,-0.011638706
2018/11/26,0.020223529
2018/11/27,0.0039311
2018/11/28,0.024743795
2018/11/29,-0.012357725
2018/11/30,0.022966752
2018/12/3,0.008368859
2018/12/4,-0.029606567
2018/12/6,0.018996702
2018/12/7,-0.036881551
2018/12/10,0.014999152
2018/12/11,-0.001981347
2018/12/12,0.002233425
2018/12/13,-0.003549062
2018/12/14,-0.006874819
2018/12/17,-0.031693085
2018/12/18,0.004737272
2018/12/19,-0.001885939
2018/12/20,-0.029288
2018/12/21,-0.018403797
2018/12/24,-0.030376824
2018/12/26,0.035511764
2018/12/27,0.021456166
2018/12/28,-0.006591675
2018/12/31,0.005662207
2019/1/2,0.013547987
2019/1/3,-0.019963538
2019/1/4,0.039057683
2019/1/7,0.007074631
2019/1/8,0.014219199
2019/1/9,0.007176854
2019/1/10,0.009114284
2019/1/11,-0.002709603
2019/1/14,-0.008809463
2019/1/15,0.01113046
2019/1/16,-0.000903652
2019/1/17,0.004686763
2019/1/18,0.013339894
2019/1/22,-0.010499164
2019/1/23,0.084639297
2019/1/24,-0.002709021
2019/1/25,0.010865511
2019/1/28,0.002239285
2019/1/29,0.000446834
2019/1/30,0.000372248
2019/1/31,0.000297648
2019/2/1,-0.002380572
2019/2/4,0.008128176
2019/2/5,0.002662987
2019/2/6,0.005680501
2019/2/7,-0.022960652
2019/2/8,0.00390419
2019/2/11,0.002094136
2019/2/12,0.015374271
2019/2/13,0.010804822
2019/2/14,-0.00756253
2019/2/15,0.011357025
2019/2/19,0.004854007
2019/2/20,-0.005046893
2019/2/21,-0.001159468
2019/2/22,0.010229249
2019/2/25,0.001508156
2019/2/26,0.001864334
2019/2/27,-0.003936484
2019/2/28,-0.007472868
2019/3/1,0.007746367
2019/3/4,-0.005531664
2019/3/5,-0.003973168
2019/3/6,-0.006527357
2019/3/7,-0.011826504
2019/3/8,-0.001994733
2019/3/11,0.019394446
2019/3/12,0.00413917
2019/3/13,0.002024859
2019/3/14,0.001659891
2019/3/15,0.004611339
2019/3/18,0.005594198
2019/3/19,0.001996994
2019/3/20,-0.006334975
2019/3/21,0.013180492
2019/3/22,-0.014069536
2019/3/25,-0.001936116
2019/3/26,0.007472331
2019/3/27,-0.006989036
2019/3/28,0.004883582
2019/3/29,0.008433428
2019/4/1,0.015591827
2019/4/2,-0.002093496
2019/4/3,0.004405598
2019/4/4,-0.005918002
2019/4/5,0.003501895
2019/4/8,0.000767738
2019/4/9,-0.0089267
2019/4/10,0.006403483
2019/4/11,0.005313939
2019/4/12,0.003964309
2019/4/15,-0.003117392
2019/4/16,0.008617114
2019/4/17,-0.041546083
2019/4/18,0.008770068
2019/4/22,-0.01026157
2019/4/23,0.011159846
2019/4/24,-0.003488988
2019/4/25,-0.009431915
2019/4/26,0.005842924
2019/4/29,-0.002796895
2019/4/30,0.008773732
2019/5/1,0.002067481
2019/5/2,-0.006900936
2019/5/3,0.004728064
2019/5/6,0.000926916
2019/5/7,-0.019518362
2019/5/8,0.002615471
2019/5/9,-0.01927543
2019/5/10,-0.000147765
2019/5/13,-0.028820548
2019/5/14,0.014381386
2019/5/15,0.008176462
2019/5/16,0.011011928
2019/5/17,-0.011480827
2019/5/20,0.005956033
2019/5/21,0.009843021
2019/5/22,-0.000732829
2019/5/23,-0.029042898
2019/5/24,-0.00083089
2019/5/28,-0.01375868
2019/5/29,-0.005902187
2019/5/30,-0.000925285
2019/5/31,-0.019912007
2019/6/3,0.010079531
2019/6/4,0.034458527
2019/6/5,-0.009043616
2019/6/6,0.005551771
2019/6/7,0.008243804
2019/6/10,0.010726863
2019/6/11,0.008980229
2019/6/12,-0.007944068
2019/6/13,0.006598952
2019/6/14,-0.004493239
2019/6/17,-0.001479864
2019/6/18,0.010596628
2019/6/19,0.005132625
2019/6/20,0.01291224
2019/6/21,0.002520721
2019/6/24,0.001077575
2019/6/25,-0.007104483
2019/6/26,0.001156444
2019/6/27,0
2019/6/28,-0.004475841
2019/7/1,0.014358143
2019/7/2,0.002430731
2019/7/3,0.009413761
2019/7/5,-0.001130469
2019/7/8,-0.005729273
2019/7/9,-0.008821136
2019/7/10,0.008181967
2019/7/11,0.005481652
2019/7/12,0.010620121
2019/7/15,0.00406341
2019/7/16,0.001465217
2019/7/17,-0.00320493
2019/7/18,0.045851715
2019/7/19,0.000334192
2019/7/22,0.000400832
2019/7/23,0.004274021
2019/7/24,-0.002327347
2019/7/25,0.002399476
2019/7/26,0.006449867
2019/7/29,-0.003171261
2019/7/30,-0.007356754
2019/7/31,-0.010215719
2019/8/1,0.014031289
2019/8/2,-0.020423039
2019/8/5,-0.044074709
2019/8/6,-0.000213176
2019/8/7,-0.011511367
2019/8/8,0.007116627
2019/8/9,-0.028336895
2019/8/12,-0.018070943
2019/8/13,0.015859972
2019/8/14,-0.033434
2019/8/15,0.005104751
2019/8/16,0.013947877
2019/8/19,0.00956932
2019/8/20,-0.015106583
2019/8/21,0.009398514
2019/8/22,0.000521317
2019/8/23,-0.035363236
2019/8/26,0.00324147
2019/8/27,0.009077605
2019/8/28,0.01212171
2019/8/29,0.015968691
2019/8/30,0.004819091
2019/9/3,-0.010551163
2019/9/4,0.016554732
2019/9/5,0.03411095
2019/9/6,-0.002837534
2019/9/9,0.014441267
2019/9/10,0.017180909
2019/9/11,-0.009996529
2019/9/12,0.000139265
2019/9/13,0.000348176
2019/9/16,-0.008282963
2019/9/17,-0.001965178
2019/9/18,0.000140636
2019/9/19,0.005273585
2019/9/20,-0.007624006
2019/9/23,0.001339135
2019/9/24,-0.002745119
2019/9/25,0.010446098
2019/9/26,0.002724218
2019/9/27,-0.002159555
2019/9/30,0.015219264
2019/10/1,-0.012102886
2019/10/2,-0.01371291
2019/10/3,0.002329053
2019/10/4,0.006829985
2019/10/7,-0.011958855
2019/10/8,-0.020526683
2019/10/9,0.009322205
2019/10/10,0.010453245
2019/10/11,0.011549647
2019/10/14,-0.005043447
2019/10/15,0.006758681
2019/10/16,-0.006223773
2019/10/17,-0.055238977
2019/10/18,-0.001266185
2019/10/21,-0.011261104
2019/10/22,0.010408821
2019/10/23,0.003135306
2019/10/24,-0.002306921
2019/10/25,0.010218555
2019/10/28,0.003913109
2019/10/29,-0.015812264
2019/10/30,0.010686045
2019/10/31,-0.01123851
2019/11/1,0.013460009
2019/11/4,0.015789814
2019/11/5,0.001598039
2019/11/6,0.006454425
2019/11/7,-0.007854188
2019/11/8,-0.000580979
2019/11/11,-0.015551263
2019/11/12,0.000885861
2019/11/13,-0.008186456
2019/11/14,-0.003569319
2019/11/15,0.002985128
2019/11/18,-0.000669666
2019/11/19,0.001563509
2019/11/20,-0.009812642
2019/11/21,0.004804799
2019/11/22,0.003735871
2019/11/25,0.012133288
2019/11/26,-0.006471969
2019/11/27,-0.009771238
2019/11/29,0.005083386
2019/12/2,-0.011454123
2019/12/3,-0.005943863
2019/12/4,-0.000983946
2019/12/5,-0.000606132
2019/12/6,0.009930997
2019/12/9,0.005254497
2019/12/10,-7.47E-05
2019/12/11,-0.001120089
2019/12/12,0.01166261
2019/12/13,-0.008202683
2019/12/16,-0.00059616
2019/12/17,0.000671006
2019/12/18,0.00141556
2019/12/19,0.001115977
2019/12/20,0.007654628
2019/12/23,-0.000294984
2019/12/24,-0.004205121
2019/12/26,-0.000518622
2019/12/27,0.002668513
2019/12/30,-0.018185893
2019/12/31,0.00926131
2020/1/2,0.010295508
2020/1/3,-0.007975159
2020/1/6,-0.001786523
2020/1/7,0.000671047
2020/1/8,0.008346448
2020/1/9,0.01056831
2020/1/10,-0.000365695
2020/1/13,-0.000658439
2020/1/14,-0.005710096
2020/1/15,0.005890246
2020/1/16,0.009954578
2020/1/17,0.002391677
2020/1/21,0.006217873
2020/1/22,0.033915301
2020/1/23,-0.007088637
2020/1/24,-0.016168595
2020/1/27,-0.013801983
2020/1/28,0.006708971
2020/1/29,-0.013328522
2020/1/30,-0.006681607
2020/1/31,0.050888322
2020/2/3,0.017672029
2020/2/4,0.019416132
2020/2/5,0.048420596
2020/2/6,0.002750573
2020/2/7,-0.021370183
2020/2/10,0.006648847
2020/2/11,-0.006151629
2020/2/12,0.011923302
2020/2/13,-0.006438743
2020/2/14,-0.0233944
2020/2/18,0.002654223
2020/2/19,-0.001588362
2020/2/20,0.002386386
2020/2/21,-0.009125841
2020/2/24,-0.022757621
2020/2/25,-0.032233781
2020/2/26,-0.013831101
2020/2/27,-0.047513416
2020/2/28,-0.022237233
2020/3/2,0.031886252
2020/3/3,-0.040208413
2020/3/4,0.041272262
2020/3/5,-0.034793583
2020/3/6,-0.01404868
2020/3/9,-0.077663778
2020/3/10,0.059078142
2020/3/11,-0.054500264
2020/3/12,-0.128507256
2020/3/13,0.049995117
2020/3/16,-0.082167638
2020/3/17,0.076402877
2020/3/18,-0.029067011
2020/3/19,-0.03099951
2020/3/20,-0.049332284
2020/3/23,-0.006499641
2020/3/24,0.113010449
2020/3/25,0.003507779
2020/3/26,0.066509195
2020/3/27,-0.043050743
2020/3/30,0.045357737
2020/3/31,-0.017710041
2020/4/1,-0.052195116
2020/4/2,0.046224068
2020/4/3,-0.033272671
2020/4/6,0.079744179
2020/4/7,0.001045116
2020/4/8,0.037845825
2020/4/9,0.018526327
2020/4/13,-0.002880675
2020/4/14,0.022781629
2020/4/15,-0.042127354
2020/4/16,-0.024938909
2020/4/17,0.037933169
2020/4/20,0.002414229
2020/4/21,-0.030313116
2020/4/22,0.021839667
2020/4/23,0.017098317
2020/4/24,0.027770951
2020/4/27,0.009621522
2020/4/28,0.002779559
2020/4/29,0.019165285
2020/4/30,-0.02432204
2020/5/1,-0.029388352
2020/5/4,-0.001559001
2020/5/5,0.007396444
2020/5/6,0.004813204
2020/5/7,-0.015750635
2020/5/8,0.014517873
2020/5/11,-0.003252287
2020/5/12,-0.019006432
2020/5/13,-0.03766842
2020/5/14,0.010541815
2020/5/15,0.000256505
2020/5/18,0.039151991
2020/5/19,-0.010447514
2020/5/20,0.009061461
2020/5/21,-0.01861923
2020/5/22,-0.006128285
2020/5/26,0.028465275
2020/5/27,0.031044637
2020/5/28,-0.008045252
2020/5/29,0.002971184
2020/6/1,-8.01E-05
2020/6/2,0.008887843
2020/6/3,0.024206349
2020/6/4,-0.001239873
2020/6/5,0.024594626
2020/6/8,0.027941911
2020/6/9,-0.028581989
2020/6/10,-0.015166468
2020/6/11,-0.091322091
2020/6/12,0.033048069
2020/6/15,-0.002132713
2020/6/16,0.028771035
2020/6/17,-0.00799042
2020/6/18,8.05E-05
2020/6/19,-0.013611454
2020/6/22,-0.01143137
2020/6/23,-0.013711076
2020/6/24,-0.025039748
2020/6/25,0.022418793
2020/6/26,-0.01545826
2020/6/29,0.02184486
2020/6/30,0.00851775
2020/7/1,-0.018464883
2020/7/2,0.009785721
2020/7/6,0.004093574
2020/7/7,-0.021715583
2020/7/8,0.00110563
2020/7/9,-0.016990937
2020/7/10,0.022815682
2020/7/13,0.007182047
2020/7/14,0.011744966
2020/7/15,0.019900506
2020/7/16,0.008211389
2020/7/17,0.008870276
2020/7/20,0.010071146
2020/7/21,-0.002453146
2020/7/22,0.020704461
2020/7/23,-0.010414272
2020/7/24,-0.012094555
2020/7/27,0.003338885
2020/7/28,-0.013786506
2020/7/29,0.006828908
2020/7/30,-0.019310569
2020/7/31,0.00032552
2020/8/3,0.011143592
2020/8/4,0.012307939
2020/8/5,-0.003099166
2020/8/6,0.00534082
2020/8/7,-0.009197584
2020/8/10,0.017205452
2020/8/11,-0.002832141
2020/8/12,-0.000394517
2020/8/13,-0.013180731
2020/8/14,0.001919543
2020/8/17,-0.006625655
2020/8/18,0.00385723
2020/8/19,-0.008645502
2020/8/20,-0.005571749
2020/8/21,8.13E-05
2020/8/24,0.020461139
2020/8/25,-0.008274977
2020/8/26,-0.003770879
2020/8/27,0.003865685
2020/8/28,0.003369479
2020/8/31,-0.014072133
2020/9/1,0.000729816
2020/9/2,0.038735856
2020/9/3,-0.02909969
2020/9/4,-0.01727602
2020/9/8,-0.008912544
2020/9/9,0.008662642
2020/9/10,-0.013904776
2020/9/11,0.007465166
2020/9/14,0.005186889
2020/9/15,0.002866755
2020/9/16,0.014537743
2020/9/17,0.005635129
2020/9/18,-0.01729107
2020/9/21,-0.020446361
2020/9/22,0.002162162
2020/9/23,-0.013940738
2020/9/24,-0.006227401
2020/9/25,0.00728253
2020/9/28,0.023371185
2020/9/29,-0.006489763
2020/9/30,0.00603607
2020/10/1,-0.004767024
2020/10/2,-0.004294319
2020/10/5,0.011943252
2020/10/6,-0.000327826
2020/10/7,0.01721739
2020/10/8,0.059804928
2020/10/9,-0.028139015
2020/10/12,-0.004538726
2020/10/13,-0.01658671
2020/10/14,0.006714584
2020/10/15,-0.008337286
2020/10/16,0.008327321
2020/10/19,-0.003255765
2020/10/20,-0.0649299
2020/10/21,-0.019681341
2020/10/22,0.006083745
2020/10/23,0.002073269
2020/10/26,-0.032586165
2020/10/27,-0.014792371
2020/10/28,-0.035365443
2020/10/29,0.021190842
2020/10/30,0.025250157
2020/11/2,0.01119472
2020/11/3,0.011070777
2020/11/4,-0.019796796
2020/11/5,0.02564793
2020/11/6,-0.006360558
2020/11/9,0.013065608
2020/11/10,0.020600668
2020/11/11,-0.006021504
2020/11/12,-0.023037534
2020/11/13,0.02052399
2020/11/16,0.012922562
2020/11/17,-0.005576198
2020/11/18,-0.007901494
2020/11/19,0.003511235
2020/11/20,-0.002048144
2020/11/23,0.026936843
2020/11/24,0.036056298
2020/11/25,-0.001768162
2020/11/27,0.001207717
2020/11/30,-0.006674733
2020/12/1,-0.002914455
2020/12/2,0.011854468
2020/12/3,-0.008104645
2020/12/4,0.029042946
2020/12/7,-0.019654052
2020/12/8,0.008099387
2020/12/9,0.008591229
2020/12/10,-0.01443329
2020/12/11,-0.005521802
2020/12/14,-0.005954793
2020/12/15,0.019428496
2020/12/16,-0.003017552
2020/12/17,0
2020/12/18,0.002389529
2020/12/21,-0.019547125
2020/12/22,0.001782981
2020/12/23,0.002346075
2020/12/24,0.006376092
2020/12/28,0.001042653
2020/12/29,-0.008171772
2020/12/30,0.004361862
2020/12/31,0.012385392
2021/1/4,-0.01541149
2021/1/5,0.017750503
2021/1/6,0.024972275
2021/1/7,-0.002320406
2021/1/8,-0.003566131
2021/1/11,0.000388989
2021/1/12,0.004899678
2021/1/13,-0.01772309
2021/1/14,0.016151906
2021/1/15,-0.004497135
2021/1/19,0.004906863
2021/1/20,0.008215827
2021/1/21,0.012069471
2021/1/22,-0.099050496
2021/1/25,-0.000252915
2021/1/26,0.032973477
2021/1/27,-0.000163275
2021/1/28,-0.019515002
2021/1/29,-0.008077902
2021/2/1,0.012005693
2021/2/2,-0.009125625
2021/2/3,-0.00267914
2021/2/4,0.015950314
2021/2/5,0.006362579
2021/2/8,0.01494374
2021/2/9,-0.012215852
2021/2/10,0.001146599
2021/2/11,-0.010880214
2021/2/12,-0.000909772
2021/2/16,-0.006043066
2021/2/17,-0.000832793
2021/2/18,0.006334852
2021/2/19,-0.014412283
2021/2/22,0.015715563
2021/2/23,-0.001241102
2021/2/24,0.020710826
2021/2/25,-0.006006023
2021/2/26,-0.028905053
2021/3/1,0.015219023
2021/3/2,-0.003395706
2021/3/3,0.016870277
2021/3/4,-0.018388323
2021/3/5,0.022645886
2021/3/8,0.016119803
2021/3/9,-0.005047677
2021/3/10,0.029714942
2021/3/11,-0.005708884
2021/3/12,0.003696673
2021/3/15,0.007601308
2021/3/16,-0.002644286
2021/3/17,0.006160372
2021/3/18,0.007982634
2021/3/19,-0.008918955
2021/3/22,0.012800565
2021/3/23,-0.00068935
2021/3/24,0.001226416
2021/3/25,0.018756689
2021/3/26,0.02487419
2021/3/29,-0.003812876
2021/3/30,-0.008391051
2021/3/31,-0.010837265
2021/4/1,-0.000225166
2021/4/5,0.020265691
2021/4/6,-0.01257998
2021/4/7,0.005289789
2021/4/8,0.001408228
2021/4/9,0.004514521
2021/4/12,-0.008399095
2021/4/13,-0.02533622
2021/4/14,0.011053552
2021/4/15,-0.000377027
2021/4/16,0.007618049
2021/4/19,-0.003518182
2021/4/20,0.037860602
2021/4/21,0.039012664
2021/4/22,-0.015813261
2021/4/23,0.008139861
2021/4/26,-0.006038122
2021/4/27,0.003108032
2021/4/28,0.006971409
2021/4/29,0.008671237
2021/4/30,-0.016361597
2021/5/3,0.020228393
2021/5/4,0.00690847
2021/5/5,-0.003636405
2021/5/6,0.02203558
2021/5/7,-0.019943446
2021/5/10,0.004881036
2021/5/11,-0.013340612
2021/5/12,-0.020246802
2021/5/13,0.020311425
2021/5/14,0.003537434
2021/5/17,0.002972056
2021/5/18,-0.008269513
2021/5/19,-0.005003145
2021/5/20,0.004818751
2021/5/21,0.005977162
2021/5/24,-0.000138168
2021/5/25,-0.006426193
2021/5/26,-0.002851363
2021/5/27,0.003068797
2021/5/28,-0.000556325
2021/6/1,0.00313073
2021/6/2,0.010610947
2021/6/3,-0.001166607
2021/6/4,0.012847841
2021/6/7,0.004069963
2021/6/8,0.007093678
2021/6/9,0.010733186
2021/6/10,-0.000862813
2021/6/11,0.004915644
2021/6/14,-0.008262778
2021/6/15,-0.004465868
2021/6/16,-0.01024365
2021/6/17,-0.015084872
2021/6/18,-0.017032996
2021/6/21,0.024664581
2021/6/22,-0.001977429
2021/6/23,-0.011956889
2021/6/24,0.005739604
2021/6/25,0.009626019
2021/6/28,-0.010555752
2021/6/29,0.001789517
2021/6/30,0.007145305
2021/7/1,0.001705496
2021/7/2,-0.04644514
2021/7/6,-0.008855889
2021/7/7,0.007493861
2021/7/8,0.006579933
2021/7/9,0.005542128
2021/7/12,-0.004239752
2021/7/13,-0.004541527
2021/7/14,-0.003279182
2021/7/15,0.004505797
2021/7/16,-0.011036004
2021/7/19,-0.007055334
2021/7/20,0.01486362
2021/7/21,0.00950207
2021/7/22,-0.004175531
2021/7/23,0.004477298
2021/7/26,0.010117434
2021/7/27,-0.000140075
2021/7/28,-0.006865167
2021/7/29,0.001128628
2021/7/30,-0.006834316
2021/8/2,0.003263244
2021/8/3,0.018738519
2021/8/4,-0.009092729
2021/8/5,7.00E-05
2021/8/6,0.009245623
2021/8/9,-0.019709888
2021/8/10,0.000920347
2021/8/11,0.005304917
2021/8/12,0.006613585
2021/8/13,0.000768865
2021/8/16,0.002863518
2021/8/17,-0.008148194
2021/8/18,-0.020713378
2021/8/19,-0.010396477
2021/8/20,0.007897429
2021/8/23,0.003666105
2021/8/24,0.001575728
2021/8/25,0.00014301
2021/8/26,-0.00772198
2021/8/27,0.004539563
2021/8/30,-0.003156195
2021/8/31,0.009858262
2021/9/1,-0.007410568
2021/9/2,0.005096881
2021/9/3,-0.003071188
2021/9/7,-0.010889821
2021/9/8,0.004418384
2021/9/9,-0.006706552
2021/9/10,-0.005227258
2021/9/13,0.008246979
2021/9/14,-0.01397032
2021/9/15,0.007194264
2021/9/16,-0.005612301
2021/9/17,-0.008795631
2021/9/20,-0.006803277
2021/9/21,-0.009976944
2021/9/22,0.012484019
2021/9/23,0.015598274
2021/9/24,0.005558404
2021/9/27,0.007782418
2021/9/28,-0.007866651
2021/9/29,0.012439168
2021/9/30,-0.00179629
2021/10/1,0.031598679
2021/10/4,0.005512074
2021/10/5,-0.006661491
2021/10/6,-0.005518737
2021/10/7,-0.003863484
2021/10/8,0.009942879
2021/10/11,-0.005515923
2021/10/12,-0.013761175
2021/10/13,0.002064538
2021/10/14,0.018684304
2021/10/15,0.008508176
2021/10/18,-0.015835642
2021/10/19,-0.002388947
2021/10/20,-0.000563534
2021/10/21,-0.09563071
2021/10/22,-0.003506615
2021/10/25,-0.001876698
2021/10/26,-0.003995615
2021/10/27,-0.01541733
2021/10/28,0.005352701
2021/10/29,-0.005880425
2021/11/1,0.009432436
2021/11/2,-0.000791905
2021/11/3,0.007528962
2021/11/4,-0.005670615
2021/11/5,0.022838254
2021/11/8,0.007523663
2021/11/9,-0.029629059
2021/11/10,-0.005213049
2021/11/11,0.000415871
2021/11/12,-0.010892143
2021/11/15,-0.000756523
2021/11/16,-0.00344918
2021/11/17,-0.003376676
2021/11/18,-0.011858326
2021/11/19,-0.005228879
2021/11/22,0.003619112
2021/11/23,0.002747489
2021/11/24,-0.000513725
2021/11/26,-0.007881478
2021/11/29,0.023227718
2021/11/30,-0.011814363
2021/12/1,-0.001537148
2021/12/2,-0.000171023
2021/12/3,0.016595329
2021/12/6,0.00900377
2021/12/7,0.013927095
2021/12/8,0.011844012
2021/12/9,0.004470842
2021/12/10,0.004208109
2021/12/13,-0.012168539
2021/12/14,0.009626366
2021/12/15,-0.005252109
2021/12/16,0.022906336
2021/12/17,0.011673168
2021/12/20,-0.002668791
2021/12/21,0.015032292
2021/12/22,0.00604791
2021/12/23,0.006782312
2021/12/27,0.00757858
2021/12/28,0.007673682
2021/12/29,0.005428643
2021/12/30,0.00419946
2021/12/31,-0.001866925
2022/1/3,0.017806292
2022/1/4,0.014554624
2022/1/5,0.001449044
2022/1/6,-0.020836384
2022/1/7,-0.003768243
2022/1/10,0.001483327
2022/1/11,-0.015996475
2022/1/12,0.005418838
2022/1/13,0.008758133
2022/1/14,-0.004081241
2022/1/18,-0.009462819
2022/1/19,-0.010230179
2022/1/20,-0.005775916
2022/1/21,-0.011236821
2022/1/24,-0.004097402
2022/1/25,0.056512953
2022/1/26,-0.013519551
2022/1/27,-0.012959862
2022/1/28,0.01494111
2022/1/31,-0.006914446
2022/2/1,0.014673893
2022/2/2,0.012690925
2022/2/3,0.003861559
2022/2/4,-0.004572543
2022/2/7,0.000656296
2022/2/8,-0.001603038
2022/2/9,0.005619537
2022/2/10,-0.030989108
2022/2/11,-0.006216312
2022/2/14,-0.019142422
2022/2/15,-0.001613461
2022/2/16,-0.005848922
2022/2/17,-0.032590124
2022/2/18,-0.004961215
2022/2/22,-0.003457982
2022/2/23,-0.014928971
2022/2/24,-0.000819194
2022/2/25,0.018119201
2022/2/28,-0.013448204
2022/3/1,-0.009468647
2022/3/2,0.020683997
2022/3/3,0.016712409
2022/3/4,0.005479258
2022/3/7,-0.004343729
2022/3/8,-0.003093519
2022/3/9,0.004296634
2022/3/10,-0.014815425
2022/3/11,-0.003136301
2022/3/14,-0.000161318
2022/3/15,0.01371629
2022/3/16,0.011142964
2022/3/17,0.007241798
2022/3/18,0.006251923
2022/3/21,-0.00512573
2022/3/22,0.007494082
2022/3/23,-0.005888695
2022/3/24,0.007404497
2022/3/25,0.016247629
2022/3/28,0.000913552
2022/3/29,0.003574968
2022/3/30,0.001440071
2022/3/31,-0.015969128
2022/4/1,0.000999769
2022/4/4,0.00092209
2022/4/5,-0.010593421
2022/4/6,0.003879277
2022/4/7,-0.00649197
2022/4/8,-0.006378841
2022/4/11,-0.010647459
2022/4/12,-0.003086175
2022/4/13,0.001270011
2022/4/14,0.003329626
2022/4/18,-0.003081542
2022/4/19,0.023618896
2022/4/20,0.071002814
2022/4/21,0.011061299
2022/4/22,-0.011440872
2022/4/25,0.006148325
2022/4/26,-0.020920229
2022/4/27,-0.008297261
2022/4/28,0.005034851
2022/4/29,-0.026005583
2022/5/2,0.006277785
2022/5/3,-0.003908516
2022/5/4,0.036824554
2022/5/5,-0.010771442
2022/5/6,0.012875221
2022/5/9,-0.023461873
2022/5/10,-0.039497151
2022/5/11,0.012545458
2022/5/12,0.016443549
2022/5/13,0.005267209
2022/5/16,0.01070354
2022/5/17,0.024735215
2022/5/18,-0.039242561
2022/5/19,-0.024672769
2022/5/20,-0.009100786
2022/5/23,0.020937127
2022/5/24,0.020050355
2022/5/25,0.004409537
2022/5/26,0.018602575
2022/5/27,0.017386259
2022/5/31,-0.003087585
2022/6/1,0.004249474
2022/6/2,0.005163889
2022/6/3,0.007349262
2022/6/6,0.012041451
2022/6/7,-0.00069993
2022/6/8,-0.013657354
2022/6/9,-0.020379145
2022/6/10,-0.012829841
2022/6/13,-0.007930105
2022/6/14,0.00451484
2022/6/15,0.009873246
2022/6/16,-0.010141544
2022/6/17,-0.004790993
2022/6/21,0.020959872
2022/6/22,-0.00558581
2022/6/23,0.009921214
2022/6/24,0.026148483
2022/6/27,0.005209102
2022/6/28,-0.006582647
2022/6/29,-0.008106542
2022/6/30,0.003411236
2022/7/1,-0.000495835
2022/7/5,-0.024801588
2022/7/6,0.003342588
2022/7/7,0.01991599
2022/7/8,-0.002556281
